{
   "updater": {
      "weights": [
         -0.5974452062649578,
         -0.32757421925482727,
         0.2867564560814093,
         0.7384952506951307,
         -0.7384952506951307,
         0.6456238481717096,
         -0.08932594740627722,
         -0.48637835759712,
         0.07153453753120521,
         -0.28857683355089736,
         0.11131799694110367,
         0.14072785943357202,
         0.9179547211352882,
         -0.24245670741806458,
         -0.0040872198508740566,
         0.12908214227230047,
         -0.060127103064086675,
         -0.3368987981886628,
         -0.5044819265953325,
         -0.5818444694812122
      ]
   },
   "bias": -0.7282504923245485,
   "nepochs": 10,
   "lrate": 0.1
}