{
   "updater": {
      "weights": [
         -0.6534347126427972,
         -0.030021891437180384,
         0.41440128741558374,
         0.6519999647337019,
         -0.6519999647337003,
         0.3273035323314845,
         0.0251755173635564,
         -0.30396520985156905,
         -0.10259472658788274,
         -0.23354270468140792,
         0.22998073030755575,
         0.0828208898245293,
         0.8078180598915665,
         -0.29385502571349836,
         0.14005528777425402,
         0.20481667010283064,
         -0.1434429526721407,
         -0.417840912606338,
         -0.5960604506386098,
         -0.5498662331621759
      ]
   },
   "bias": -0.7271865778537152,
   "nepochs": 10,
   "lrate": 0.1
}