{
    "mean": [
        0.5077138849929874,
        0.36746143057503505,
        32.08280070126222,
        0.3450210378681627,
        0.6549789621318373,
        0.24684431977559607,
        0.2061711079943899,
        0.546984572230014,
        0.19635343618513323,
        0.08835904628330996,
        0.7138849929873773,
        0.001402524544179523,
        0.06872370266479663,
        0.12622720897615708,
        0.46563814866760167,
        0.1767180925666199,
        0.08835904628330996,
        0.05049088359046283,
        0.016830294530154277,
        0.0070126227208976155
    ],
    "std": [
        1.1161240622555288,
        0.7959620262613821,
        48.35651070597436,
        0.475375137440463,
        0.475375137440463,
        0.4311753721748478,
        0.40455479508065867,
        0.497787555059751,
        0.3972389259418351,
        0.2838163582727655,
        0.4519438126302752,
        0.03742402262027025,
        0.2529837057140998,
        0.3321052554390639,
        0.4988178657315827,
        0.38142995205703806,
        0.2838163582727657,
        0.2189555988430462,
        0.1286352817705264,
        0.08344726384652763
    ]
}