{
    "mean": [
        0.4978962131837307,
        0.3899018232819074,
        32.640607994389846,
        0.36044880785413747,
        0.6395511921458625,
        0.2482468443197756,
        0.211781206171108,
        0.5399719495091164,
        0.18653576437587657,
        0.091164095371669,
        0.7208976157082749,
        0.001402524544179523,
        0.0729312762973352,
        0.12903225806451613,
        0.46143057503506313,
        0.16549789621318373,
        0.09537166900420757,
        0.051893408134642355,
        0.0182328190743338,
        0.005610098176718092
    ],
    "std": [
        1.0189280484459735,
        0.8150127930983236,
        49.67437265271316,
        0.4801306746820784,
        0.4801306746820784,
        0.43199577382776627,
        0.4085705898419725,
        0.49839968223549436,
        0.3895384101530713,
        0.28784232330693343,
        0.448557959883,
        0.03742402262027025,
        0.2600236628366293,
        0.33523564017462143,
        0.49851017989392415,
        0.3716293079968198,
        0.2937276183057378,
        0.22181181737412814,
        0.13379231436422806,
        0.07469019329982836
    ]
}