{
    "weights": [
        8217827.955928842,
        -1518668.0348909604
    ],
    "bias": 10021554.64284387,
    "lrate": 0.01,
    "nepochs": 1000
}