{
    "weights": [
        6970278.44447608,
        945803.0957770818
    ],
    "bias": 9993505.363138031,
    "lrate": 0.01,
    "nepochs": 100,
    "lasso_penalty": 0.001,
    "ridge_penalty": 0
}