{
    "mean": [
        1645.835024261138,
        2.6259373621526247
    ],
    "std": [
        750.3963929102756,
        0.691110255093791
    ]
}