{
    "mean": [
        1645.6506396118218,
        2.6281429201588002
    ],
    "std": [
        742.8611901421407,
        0.6881454083877104
    ]
}