{
    "weights": [
        11396.950319546386,
        -683796.333778423
    ],
    "bias": -7039899.831983997,
    "lrate": 0.01,
    "nepochs": 100
}