{
  "size": 3,
  "trees": [
    {
      "root": {
        "label": 0.727673611111111,
        "split_info": {
          "dimension": 0,
          "threshold": 0
        },
        "depth": 0,
        "gain": 0.061462652059634124,
        "left": null,
        "right": null
      },
      "impurity": {
        "val": 0.5
      },
      "MinGain": 0.1
    },
    {
      "root": {
        "label": 0.7271527777777776,
        "split_info": {
          "dimension": 0,
          "threshold": 0
        },
        "depth": 0,
        "gain": 0.09015024802557584,
        "left": null,
        "right": null
      },
      "impurity": {
        "val": 0.5
      },
      "MinGain": 0.1
    },
    {
      "root": {
        "label": 0.7185416666666665,
        "split_info": {
          "dimension": 0,
          "threshold": 0
        },
        "depth": 0,
        "gain": 0.08731457603209244,
        "left": null,
        "right": null
      },
      "impurity": {
        "val": 0.5
      },
      "MinGain": 0.1
    }
  ],
  "coeffs": [
    2.70805020110221,
    2.268683541318364,
    2.3978952727983702
  ]
}