{
    "weights": [
        9079.459293094396,
        311870.20556461305
    ],
    "bias": -5705102.444354419,
    "lrate": 0.01,
    "nepochs": 1000
}