{
    "weights": [
        9140.375854058679,
        -1591572.5990007885
    ],
    "bias": -1370550.0758383684,
    "lrate": 0.01,
    "nepochs": 1000
}