{
    "weights": [
        10992.073704811371,
        -845003.1820141289
    ],
    "bias": -5754528.875957029,
    "lrate": 0.01,
    "nepochs": 1000
}