{
    "weights": [
        12239.238359426226,
        -1551820.5420669827
    ],
    "bias": -5797989.769829281,
    "lrate": 0.01,
    "nepochs": 1000
}