{
    "weights": [
        8038.651349798985,
        -400216.11728969717
    ],
    "bias": -2216215.4767586347,
    "lrate": 0.01,
    "nepochs": 100,
    "lasso_penalty": 0.001,
    "ridge_penalty": 0
}