{
    "weights": [
        10252.541910542526,
        158986.2239081305
    ],
    "bias": -7215466.962371407,
    "lrate": 0.01,
    "nepochs": 100,
    "lasso_penalty": 0.001,
    "ridge_penalty": 0
}