{
    "weights": [
        9983.365121186678,
        996981.0677556494
    ],
    "bias": -8311118.006316215,
    "lrate": 0.01,
    "nepochs": 100,
    "lasso_penalty": 0.001,
    "ridge_penalty": 0
}