{
    "weights": [
        8935.430756724012,
        370841.06762762374
    ],
    "bias": -5962025.4318678565,
    "lrate": 0.01,
    "nepochs": 100,
    "lasso_penalty": 0.001,
    "ridge_penalty": 0
}